{"stat.crouchOneCm":29123,"stat.useItem.minecraft.chest":7,"stat.useItem.minecraft.stained_glass_pane":545,"stat.useItem.minecraft.nether_wart":56,"stat.useItem.minecraft.nether_brick_stairs":24,"stat.useItem.minecraft.iron_bars":7,"stat.enderchestOpened":1,"stat.useItem.minecraft.stone_brick_stairs":20,"stat.useItem.minecraft.cobblestone":6,"stat.useItem.minecraft.stone_button":4,"achievement.exploreAllBiomes":{"value":0,"progress":["Plains"]},"stat.useItem.minecraft.log":37,"stat.useItem.minecraft.netherrack":62,"stat.useItem.minecraft.redstone_block":129,"stat.beaconInteraction":1,"stat.useItem.minecraft.stained_glass":71,"achievement.openInventory":180,"stat.useItem.minecraft.obsidian":411,"stat.useItem.minecraft.iron_block":11,"stat.useItem.minecraft.planks":34,"stat.useItem.minecraft.stained_hardened_clay":2084,"stat.useItem.minecraft.stonebrick":11,"stat.useItem.minecraft.skull":5,"stat.flyOneCm":5208890,"stat.useItem.minecraft.stone":1242,"stat.useItem.minecraft.red_flower":14,"stat.useItem.minecraft.coal_ore":8,"stat.useItem.minecraft.furnace":3,"stat.useItem.minecraft.flower_pot":3,"stat.useItem.minecraft.end_portal_frame":8,"stat.useItem.minecraft.double_plant":13,"stat.useItem.minecraft.enchanting_table":4,"stat.useItem.minecraft.lapis_ore":2,"stat.useItem.minecraft.ender_chest":2,"stat.useItem.minecraft.sponge":17,"stat.useItem.minecraft.redstone":10,"stat.useItem.minecraft.potion":2,"stat.drop":63,"stat.useItem.minecraft.nether_brick_fence":18,"stat.useItem.minecraft.iron_ore":25,"stat.leaveGame":4,"stat.useItem.minecraft.spruce_stairs":30,"stat.useItem.minecraft.glass":74,"stat.useItem.minecraft.diamond_ore":9,"stat.useItem.minecraft.mycelium":2,"stat.useItem.minecraft.soul_sand":67,"stat.useItem.minecraft.stone_slab":152,"stat.timeSinceDeath":497864,"stat.useItem.minecraft.crafting_table":2,"stat.playOneMinute":501295,"stat.useItem.minecraft.redstone_torch":12,"stat.flowerPotted":2,"stat.useItem.minecraft.wool":218,"stat.useItem.minecraft.nether_brick":77,"stat.deaths":2,"stat.useItem.minecraft.wooden_slab":309,"stat.furnaceInteraction":1,"stat.walkOneCm":456946,"stat.useItem.minecraft.stone_stairs":24,"stat.useItem.minecraft.sign":11,"stat.useItem.minecraft.bookshelf":19,"stat.useItem.minecraft.redstone_ore":3,"stat.useItem.minecraft.carpet":21,"stat.jump":1345,"stat.useItem.minecraft.wooden_button":3,"stat.useItem.minecraft.beacon":4,"stat.useItem.minecraft.tallgrass":53,"stat.useItem.minecraft.sea_lantern":77,"stat.sprintOneCm":131970,"stat.useItem.minecraft.dirt":759,"stat.useItem.minecraft.cobblestone_wall":53}